{
	"format_version": "1.8.0",
	"animations": {
		"idle": {
			"loop": true,
			"animation_length": 2,
			"bones": {
				"base": {
					"position": {
						"0.0": {
							"vector": [0, 0, 0]
						},
						"0.0417": [0, -0.02184, 0],
						"0.5833": [0, -0.59249, 0],
						"0.9167": [0, -0.94307, 0],
						"0.9583": [0, -0.97816, 0],
						"1.0": {
							"vector": [0, -1, 0]
						},
						"1.0417": [0, -0.97816, 0],
						"1.5833": [0, -0.40751, 0],
						"1.9167": [0, -0.05693, 0],
						"1.9583": [0, -0.02184, 0],
						"2.0": {
							"vector": [0, 0, 0]
						}
					}
				},
				"leg1": {
					"position": {
						"0.0": {
							"vector": [0, 0, 0]
						},
						"0.0417": [0, -0.02184, 0],
						"0.5833": [0, -0.59249, 0],
						"0.9167": [0, -0.94307, 0],
						"0.9583": [0, -0.97816, 0],
						"1.0": {
							"vector": [0, -1, 0]
						},
						"1.0417": [0, -0.97816, 0],
						"1.5833": [0, -0.40751, 0],
						"1.9167": [0, -0.05693, 0],
						"1.9583": [0, -0.02184, 0],
						"2.0": {
							"vector": [0, 0, 0]
						}
					}
				},
				"bone1": {
					"position": {
						"0.0": {
							"vector": [0, 0, 0]
						},
						"0.0417": [0, 0.02184, 0],
						"0.5833": [0, 0.59249, 0],
						"0.9167": [0, 0.94307, 0],
						"0.9583": [0, 0.97816, 0],
						"1.0": {
							"vector": [0, 1, 0]
						},
						"1.0417": [0, 0.97816, 0],
						"1.5833": [0, 0.40751, 0],
						"1.9167": [0, 0.05693, 0],
						"1.9583": [0, 0.02184, 0],
						"2.0": {
							"vector": [0, 0, 0]
						}
					}
				},
				"leg2": {
					"position": {
						"0.0": {
							"vector": [0, 0, 0]
						},
						"0.0417": [0, -0.02184, 0],
						"0.5833": [0, -0.59249, 0],
						"0.9167": [0, -0.94307, 0],
						"0.9583": [0, -0.97816, 0],
						"1.0": {
							"vector": [0, -1, 0]
						},
						"1.0417": [0, -0.97816, 0],
						"1.5833": [0, -0.40751, 0],
						"1.9167": [0, -0.05693, 0],
						"1.9583": [0, -0.02184, 0],
						"2.0": {
							"vector": [0, 0, 0]
						}
					}
				},
				"bone2": {
					"position": {
						"0.0": {
							"vector": [0, 0, 0]
						},
						"0.0417": [0, 0.02184, 0],
						"0.5833": [0, 0.59249, 0],
						"0.9167": [0, 0.94307, 0],
						"0.9583": [0, 0.97816, 0],
						"1.0": {
							"vector": [0, 1, 0]
						},
						"1.0417": [0, 0.97816, 0],
						"1.5833": [0, 0.40751, 0],
						"1.9167": [0, 0.05693, 0],
						"1.9583": [0, 0.02184, 0],
						"2.0": {
							"vector": [0, 0, 0]
						}
					}
				},
				"leg3": {
					"position": {
						"0.0": {
							"vector": [0, 0, 0]
						},
						"0.0417": [0, -0.02184, 0],
						"0.5833": [0, -0.59249, 0],
						"0.9167": [0, -0.94307, 0],
						"0.9583": [0, -0.97816, 0],
						"1.0": {
							"vector": [0, -1, 0]
						},
						"1.0417": [0, -0.97816, 0],
						"1.5833": [0, -0.40751, 0],
						"1.9167": [0, -0.05693, 0],
						"1.9583": [0, -0.02184, 0],
						"2.0": {
							"vector": [0, 0, 0]
						}
					}
				},
				"bone3": {
					"position": {
						"0.0": {
							"vector": [0, 0, 0]
						},
						"0.0417": [0, 0.02184, 0],
						"0.5833": [0, 0.59249, 0],
						"0.9167": [0, 0.94307, 0],
						"0.9583": [0, 0.97816, 0],
						"1.0": {
							"vector": [0, 1, 0]
						},
						"1.0417": [0, 0.97816, 0],
						"1.5833": [0, 0.40751, 0],
						"1.9167": [0, 0.05693, 0],
						"1.9583": [0, 0.02184, 0],
						"2.0": {
							"vector": [0, 0, 0]
						}
					}
				},
				"leg4": {
					"position": {
						"0.0": {
							"vector": [0, 0, 0]
						},
						"0.0417": [0, -0.02184, 0],
						"0.5833": [0, -0.59249, 0],
						"0.9167": [0, -0.94307, 0],
						"0.9583": [0, -0.97816, 0],
						"1.0": {
							"vector": [0, -1, 0]
						},
						"1.0417": [0, -0.97816, 0],
						"1.5833": [0, -0.40751, 0],
						"1.9167": [0, -0.05693, 0],
						"1.9583": [0, -0.02184, 0],
						"2.0": {
							"vector": [0, 0, 0]
						}
					}
				},
				"bone4": {
					"position": {
						"0.0": {
							"vector": [0, 0, 0]
						},
						"0.0417": [0, 0.02184, 0],
						"0.5833": [0, 0.59249, 0],
						"0.9167": [0, 0.94307, 0],
						"0.9583": [0, 0.97816, 0],
						"1.0": {
							"vector": [0, 1, 0]
						},
						"1.0417": [0, 0.97816, 0],
						"1.5833": [0, 0.40751, 0],
						"1.9167": [0, 0.05693, 0],
						"1.9583": [0, 0.02184, 0],
						"2.0": {
							"vector": [0, 0, 0]
						}
					}
				},
				"neck": {
					"rotation": {
						"0.0": {
							"vector": [0, 0, 0]
						},
						"0.0417": [0.4915, 0, 0],
						"0.5833": [13.33094, 0, 0],
						"0.875": [20.33243, 0, 0],
						"0.9583": [22.0085, 0, 0],
						"1.0": {
							"vector": [22.5, 0, 0]
						},
						"1.0417": [22.0085, 0, 0],
						"1.5833": [9.16906, 0, 0],
						"1.875": [2.16757, 0, 0],
						"1.9583": [0.4915, 0, 0],
						"2.0": {
							"vector": [0, 0, 0]
						}
					}
				},
				"head": {
					"rotation": {
						"0.0": {
							"vector": [0, 0, 0]
						},
						"0.0417": [-0.4915, 0, 0],
						"0.5833": [-13.33094, 0, 0],
						"0.875": [-20.33243, 0, 0],
						"0.9583": [-22.0085, 0, 0],
						"1.0": {
							"vector": [-22.5, 0, 0]
						},
						"1.0417": [-22.0085, 0, 0],
						"1.5833": [-9.16906, 0, 0],
						"1.875": [-2.16757, 0, 0],
						"1.9583": [-0.4915, 0, 0],
						"2.0": {
							"vector": [0, 0, 0]
						}
					}
				}
			}
		},
		"walk": {
			"loop": true,
			"animation_length": 2,
			"bones": {
				"leg1": {
					"rotation": {
						"0.0": {
							"vector": [0, -45, 0]
						},
						"0.5": {
							"vector": [0, 22.5, 0]
						},
						"1.0": {
							"vector": [0, -45, 0]
						},
						"1.5": {
							"vector": [0, 22.5, 0]
						},
						"2.0": {
							"vector": [0, -45, 0]
						}
					}
				},
				"bone1": {
					"position": {
						"0.0": {
							"vector": [0, 0, 0]
						},
						"0.25": {
							"vector": [0, 4, 0]
						},
						"0.4167": {
							"vector": [0, 4, 0]
						},
						"0.5": {
							"vector": [0, 0, 0]
						},
						"1.0": {
							"vector": [0, 0, 0]
						},
						"1.25": {
							"vector": [0, 4, 0]
						},
						"1.4167": {
							"vector": [0, 4, 0]
						},
						"1.5": {
							"vector": [0, 0, 0]
						},
						"2.0": {
							"vector": [0, 0, 0]
						}
					}
				},
				"leg2": {
					"rotation": {
						"0.0": {
							"vector": [0, 45, 0]
						},
						"0.5": {
							"vector": [0, -22.5, 0]
						},
						"1.0": {
							"vector": [0, 45, 0]
						},
						"1.5": {
							"vector": [0, -22.5, 0]
						},
						"2.0": {
							"vector": [0, 45, 0]
						}
					}
				},
				"bone2": {
					"position": {
						"0.0": {
							"vector": [0, 0, 0]
						},
						"0.5": {
							"vector": [0, 0, 0]
						},
						"0.75": {
							"vector": [0, 4, 0]
						},
						"0.9167": {
							"vector": [0, 4, 0]
						},
						"1.0": {
							"vector": [0, 0, 0]
						},
						"1.5": {
							"vector": [0, 0, 0]
						},
						"1.75": {
							"vector": [0, 4, 0]
						},
						"1.9167": {
							"vector": [0, 4, 0]
						},
						"2.0": {
							"vector": [0, 0, 0]
						}
					}
				},
				"leg3": {
					"rotation": {
						"0.0": {
							"vector": [0, 22.5, 0]
						},
						"0.5": {
							"vector": [0, -45, 0]
						},
						"1.0": {
							"vector": [0, 22.5, 0]
						},
						"1.5": {
							"vector": [0, -45, 0]
						},
						"2.0": {
							"vector": [0, 22.5, 0]
						}
					}
				},
				"bone3": {
					"position": {
						"0.0": {
							"vector": [0, 0, 0]
						},
						"0.25": {
							"vector": [0, 4, 0]
						},
						"0.4167": {
							"vector": [0, 4, 0]
						},
						"0.5": {
							"vector": [0, 0, 0]
						},
						"1.0": {
							"vector": [0, 0, 0]
						},
						"1.25": {
							"vector": [0, 4, 0]
						},
						"1.4167": {
							"vector": [0, 4, 0]
						},
						"1.5": {
							"vector": [0, 0, 0]
						},
						"2.0": {
							"vector": [0, 0, 0]
						}
					}
				},
				"leg4": {
					"rotation": {
						"0.0": {
							"vector": [0, -22.5, 0]
						},
						"0.5": {
							"vector": [0, 45, 0]
						},